date_time,site_name,posa_continent,user_location_country,user_location_region,user_location_city,orig_destination_distance,user_id,is_mobile,is_package,channel,srch_ci,srch_co,srch_adults_cnt,srch_children_cnt,srch_rm_cnt,srch_destination_id,srch_destination_type_id,is_booking,cnt,hotel_continent,hotel_country,hotel_market,hotel_cluster
8/11/2014 7:46,2,3,66,348,48862,2234.2641,12,0,1,9,8/27/2014,8/31/2014,2,0,1,8250,1,0,3,2,50,628,1
8/11/2014 8:22,2,3,66,348,48862,2234.2641,12,0,1,9,8/29/2014,9/2/2014,2,0,1,8250,1,1,1,2,50,628,1
8/11/2014 8:24,2,3,66,348,48862,2234.2641,12,0,0,9,8/29/2014,9/2/2014,2,0,1,8250,1,1,1,2,50,628,1
8/9/2014 18:05,2,3,66,442,35390,913.1932,93,0,0,3,11/23/2014,11/28/2014,2,0,1,14984,1,1,1,2,50,1457,80
8/9/2014 18:08,2,3,66,442,35390,913.6259,93,0,0,3,11/23/2014,11/28/2014,2,0,1,14984,1,1,1,2,50,1457,21
8/9/2014 18:13,2,3,66,442,35390,911.5142,93,0,0,3,11/23/2014,11/28/2014,2,0,1,14984,1,1,1,2,50,1457,92
7/16/2014 9:42,2,3,66,189,10067,0,501,0,0,2,8/1/2014,8/2/2014,2,0,1,8267,1,1,2,2,50,675,41
7/16/2014 9:45,2,3,66,189,10067,0,501,0,1,2,8/1/2014,8/2/2014,2,0,1,8267,1,1,1,2,50,675,41
7/16/2014 9:52,2,3,66,189,10067,0,501,0,0,2,8/1/2014,8/2/2014,2,0,1,8267,1,1,1,2,50,675,69
7/16/2014 9:55,2,3,66,189,10067,0,501,0,0,2,8/1/2014,8/2/2014,2,0,1,8267,1,1,1,2,50,675,70
7/16/2014 10:00,2,3,66,189,10067,0,501,0,0,2,8/1/2014,8/2/2014,2,0,1,8267,1,1,1,2,50,675,98
7/16/2014 10:02,2,3,66,189,10067,0,501,0,0,2,8/1/2014,8/2/2014,2,0,1,8267,1,1,1,2,50,675,10
1/17/2014 6:24,2,3,66,318,22418,420.6642,756,0,1,9,4/17/2014,4/20/2014,2,0,1,8291,1,1,5,2,50,191,18
1/18/2014 14:33,2,3,66,318,52078,0,756,0,1,9,4/16/2014,4/19/2014,2,0,1,8291,1,1,1,2,50,191,28
1/21/2014 6:39,2,3,66,318,22418,421.8551,756,0,1,2,4/17/2014,4/20/2014,2,0,1,8291,1,1,1,2,50,191,25
1/21/2014 6:40,2,3,66,318,22418,421.8551,756,0,1,2,4/18/2014,4/20/2014,2,0,1,8291,1,1,1,2,50,191,25
1/22/2014 6:10,2,3,66,318,22418,421.8551,756,0,1,2,4/18/2014,4/20/2014,2,0,1,8291,1,1,1,2,50,191,25
1/24/2014 11:52,2,3,66,318,22418,421.8551,756,0,1,9,4/17/2014,4/19/2014,2,0,1,8291,1,1,1,2,50,191,25
1/24/2014 17:26,2,3,66,318,52078,0,756,0,1,9,4/17/2014,4/19/2014,2,0,1,8291,1,1,1,2,50,191,25
2/27/2014 17:44,2,3,66,318,52078,0,756,0,1,4,4/17/2014,4/19/2014,2,0,1,8291,1,1,1,2,50,191,2
2/27/2014 18:01,2,3,66,318,52078,0,756,0,1,4,4/18/2014,4/20/2014,2,0,1,8291,1,1,1,2,50,191,2
12/30/2014 9:50,2,3,66,318,21655,0,756,0,1,2,2/6/2015,2/8/2015,1,0,1,12193,6,1,2,2,50,406,16
12/30/2014 9:55,2,3,66,318,21655,0,756,0,1,2,2/6/2015,2/8/2015,1,0,1,12193,6,1,2,2,50,406,16
12/30/2014 9:56,2,3,66,318,21655,0,756,0,1,2,2/6/2015,2/8/2015,1,0,1,12193,6,1,1,2,50,406,94
10/22/2014 12:20,2,3,66,318,52997,47.7027,776,0,0,9,10/25/2014,10/26/2014,2,0,1,27082,6,1,2,2,50,641,77
11/10/2014 12:38,2,3,66,318,48382,1753.2617,776,0,1,9,1/22/2015,1/24/2015,1,0,1,8250,1,1,1,2,50,628,24
6/15/2013 15:10,30,4,195,548,56440,0,1048,0,1,9,9/7/2013,9/15/2013,2,0,1,1385,1,1,1,0,185,185,58
6/15/2013 15:38,30,4,195,548,56440,0,1048,0,1,9,9/6/2013,9/14/2013,2,0,1,1385,1,1,1,0,185,185,58
11/22/2014 14:32,30,4,195,991,47725,0,1048,0,0,9,6/26/2015,6/28/2015,2,0,1,8803,1,1,1,3,151,69,36
11/22/2014 14:37,30,4,195,991,47725,0,1048,0,0,9,6/26/2015,6/28/2015,2,0,1,8803,1,1,1,3,151,69,82
11/22/2014 16:55,30,4,195,991,47725,0,1048,0,0,9,6/26/2015,6/28/2015,2,0,1,8803,1,1,1,3,151,69,46
11/22/2014 16:59,30,4,195,991,47725,0,1048,1,0,9,6/26/2015,6/28/2015,2,0,1,8803,1,1,2,3,151,69,30
11/22/2014 17:02,30,4,195,991,47725,0,1048,1,0,9,6/26/2015,6/28/2015,2,0,1,8803,1,1,1,3,151,69,36
11/22/2014 17:04,30,4,195,991,47725,0,1048,1,0,9,6/26/2015,6/28/2015,2,0,1,8803,1,1,1,3,151,69,29
11/22/2014 17:05,30,4,195,991,47725,0,1048,1,0,9,6/26/2015,6/28/2015,2,0,1,8803,1,1,1,3,151,69,57
11/22/2014 17:07,30,4,195,991,47725,0,1048,1,0,9,6/26/2015,6/28/2015,2,0,1,8803,1,1,1,3,151,69,29
11/22/2014 19:56,30,4,195,991,47725,0,1048,1,0,9,6/26/2015,6/28/2015,2,0,1,8803,1,1,1,3,151,69,46
11/22/2014 20:38,30,4,195,991,47725,0,1048,1,0,9,6/26/2015,6/28/2015,2,0,1,8803,1,1,1,3,151,69,30
11/22/2014 20:43,30,4,195,991,47725,0,1048,1,0,9,6/26/2015,6/28/2015,2,0,1,8803,1,1,1,3,151,69,85
11/22/2014 20:45,30,4,195,991,47725,0,1048,1,0,9,6/26/2015,6/28/2015,2,0,1,8803,1,1,1,3,151,69,46
11/22/2014 20:47,30,4,195,991,47725,0,1048,1,0,9,6/26/2015,6/28/2015,2,0,1,8803,1,1,1,3,151,69,36
11/22/2014 20:50,30,4,195,991,47725,0,1048,1,0,9,6/26/2015,6/28/2015,2,0,1,8803,1,1,1,3,151,69,36
11/22/2014 20:53,30,4,195,991,47725,0,1048,1,0,9,6/26/2015,6/28/2015,2,0,1,8803,1,1,1,3,151,1236,82
11/22/2014 20:55,30,4,195,991,47725,0,1048,1,0,9,6/26/2015,6/28/2015,2,0,1,8803,1,1,1,3,151,1197,5
11/22/2014 21:00,30,4,195,991,47725,0,1048,1,0,9,6/26/2015,6/28/2015,2,0,1,8803,1,1,1,3,151,1197,29
11/22/2014 21:01,30,4,195,991,47725,0,1048,1,0,9,6/26/2015,6/28/2015,2,0,1,8803,1,1,1,3,151,69,59
11/22/2014 21:10,30,4,195,991,47725,0,1048,1,0,9,6/26/2015,6/28/2015,2,0,1,8803,1,1,1,3,151,69,29
11/22/2014 21:12,30,4,195,991,47725,0,1048,1,0,9,6/26/2015,6/28/2015,2,0,1,8803,1,1,2,3,151,69,62
11/22/2014 21:15,30,4,195,991,47725,0,1048,1,0,9,6/26/2015,6/28/2015,2,0,1,8803,1,1,1,3,151,69,81
11/22/2014 21:55,30,4,195,991,47725,0,1048,1,0,9,6/26/2015,6/28/2015,2,0,1,8803,1,1,2,3,151,69,46
11/22/2014 22:00,30,4,195,991,47725,0,1048,1,0,9,6/26/2015,6/28/2015,2,0,1,8803,1,1,1,3,151,69,59
11/22/2014 22:06,30,4,195,991,47725,0,1048,1,0,9,6/26/2015,6/28/2015,2,0,1,8803,1,1,1,3,151,69,29
11/22/2014 22:09,30,4,195,991,47725,0,1048,1,0,9,6/26/2015,6/28/2015,2,0,1,8803,1,1,2,3,151,1197,29
11/22/2014 22:20,30,4,195,991,47725,0,1048,1,0,9,6/26/2015,6/28/2015,2,0,1,8803,1,1,2,3,151,69,36
11/22/2014 22:27,30,4,195,991,47725,0,1048,1,0,9,6/26/2015,6/28/2015,2,0,1,8803,1,1,1,3,151,69,81
11/22/2014 22:29,30,4,195,991,47725,0,1048,1,0,9,6/26/2015,6/28/2015,2,0,1,8803,1,1,2,3,151,69,29
11/23/2014 16:42,30,4,195,991,47725,0,1048,0,0,9,6/26/2015,6/28/2015,2,0,1,8803,1,1,1,3,151,69,59
11/23/2014 16:48,30,4,195,991,47725,0,1048,0,0,9,6/26/2015,6/28/2015,2,0,1,8803,1,1,1,3,151,69,36
11/23/2014 16:50,30,4,195,991,47725,0,1048,0,0,9,6/26/2015,6/28/2015,2,0,1,8803,1,1,2,3,151,69,46
11/23/2014 16:56,30,4,195,991,47725,0,1048,0,0,9,6/26/2015,6/28/2015,2,0,1,8803,1,1,1,3,151,69,36
11/23/2014 17:00,30,4,195,991,47725,0,1048,0,0,9,6/26/2015,6/28/2015,2,0,1,8803,1,1,1,3,151,69,81
11/23/2014 17:06,30,4,195,991,47725,0,1048,0,0,9,6/26/2015,6/28/2015,2,0,1,8803,1,1,1,3,151,69,6
11/23/2014 17:10,30,4,195,991,47725,0,1048,0,0,9,6/26/2015,6/28/2015,2,0,1,8803,1,1,1,3,151,69,82
11/23/2014 17:16,30,4,195,991,47725,0,1048,0,0,9,6/26/2015,6/28/2015,2,0,1,8803,1,1,1,3,151,1236,81
11/23/2014 17:17,30,4,195,991,47725,0,1048,0,0,9,6/26/2015,6/28/2015,2,0,1,8803,1,1,1,3,151,1236,36
11/23/2014 17:18,30,4,195,991,47725,0,1048,0,0,9,6/26/2015,6/28/2015,2,0,1,8803,1,1,1,3,151,69,29
11/23/2014 17:21,30,4,195,991,47725,0,1048,0,0,9,6/26/2015,6/28/2015,2,0,1,8803,1,1,2,3,151,69,36
11/23/2014 17:38,30,4,195,991,47725,0,1048,0,0,9,6/26/2015,6/28/2015,2,0,1,8803,1,1,1,3,151,1236,36
11/23/2014 17:39,30,4,195,991,47725,0,1048,0,0,9,6/26/2015,6/28/2015,2,0,1,8803,1,1,1,3,151,69,29
11/23/2014 17:41,30,4,195,991,47725,0,1048,0,0,9,6/26/2015,6/28/2015,2,0,1,8803,1,1,1,3,151,69,36
11/23/2014 17:48,30,4,195,991,47725,0,1048,0,0,9,6/26/2015,6/28/2015,2,0,1,8803,1,1,1,3,151,69,36
11/23/2014 17:48,30,4,195,991,47725,0,1048,0,0,9,6/26/2015,6/28/2015,2,0,1,8803,1,1,1,3,151,1236,53
11/23/2014 18:02,30,4,195,991,47725,0,1048,0,0,9,6/26/2015,6/28/2015,2,0,1,8803,1,1,1,3,151,69,36
12/28/2014 21:43,30,4,195,991,20735,0,1048,0,0,9,7/13/2015,7/16/2015,2,0,1,13474,4,1,1,6,204,27,8
2/15/2013 13:18,2,3,66,462,41898,2716.6746,1482,0,0,1,2/24/2013,3/1/2013,2,0,1,8857,1,1,1,2,50,214,28
2/16/2013 11:57,2,3,66,462,41898,2716.5257,1482,0,0,0,2/24/2013,3/1/2013,2,0,1,8857,1,1,1,2,50,214,73
2/16/2013 12:03,2,3,66,462,41898,2722.4856,1482,0,0,0,2/24/2013,3/1/2013,2,0,1,8857,1,1,1,2,50,214,26
2/16/2013 12:23,2,3,66,462,41898,2716.6746,1482,0,0,0,3/1/2013,3/6/2013,2,0,1,8857,1,1,1,2,50,214,28
1/3/2014 16:19,2,3,66,462,41898,2454.8588,1482,0,1,1,2/21/2014,2/26/2014,3,0,2,12009,1,1,1,2,50,680,95
1/3/2014 16:30,2,3,66,462,41898,2454.8588,1482,0,1,1,2/22/2014,2/27/2014,3,0,2,12009,1,1,1,2,50,680,95
1/3/2014 16:34,2,3,66,462,41898,2454.8588,1482,0,1,1,2/21/2014,2/26/2014,2,0,1,12009,1,1,1,2,50,680,95
1/3/2014 16:44,2,3,66,462,41898,2454.8588,1482,0,1,1,2/22/2014,2/27/2014,2,0,1,12009,1,1,1,2,50,680,95
1/3/2014 16:58,2,3,66,462,41898,2454.8588,1482,0,1,1,2/23/2014,2/26/2014,2,0,1,12009,1,1,1,2,50,680,95
1/3/2014 17:11,2,3,66,462,41898,2454.8588,1482,0,1,1,2/24/2014,2/27/2014,2,0,1,12009,1,1,1,2,50,680,95
1/4/2014 14:57,2,3,66,462,41898,2454.8588,1482,0,1,0,2/21/2014,2/26/2014,3,0,2,12009,1,1,1,2,50,680,95
1/4/2014 15:01,2,3,66,462,41898,2454.8588,1482,0,0,0,2/21/2014,2/26/2014,2,0,1,12009,1,1,1,2,50,680,95
1/4/2014 15:02,2,3,66,462,41898,2454.8588,1482,0,0,0,2/22/2014,2/27/2014,2,0,1,12009,1,1,2,2,50,680,95
1/8/2014 13:28,2,3,66,462,41898,2454.8588,1482,0,1,1,2/21/2014,2/24/2014,4,0,2,12009,1,1,1,2,50,680,95
1/8/2014 13:31,2,3,66,462,41898,2454.8588,1482,0,1,1,2/21/2014,2/24/2014,3,0,2,12009,1,1,1,2,50,680,95
1/8/2014 13:38,2,3,66,462,41898,2454.8588,1482,0,1,1,2/21/2014,2/24/2014,2,0,1,12009,1,1,3,2,50,680,95
1/8/2014 13:42,2,3,66,462,41898,2454.8588,1482,0,1,1,2/21/2014,2/24/2014,2,0,2,12009,1,1,1,2,50,680,95
1/8/2014 13:46,2,3,66,462,41898,2454.8588,1482,0,1,1,2/21/2014,2/24/2014,1,0,1,12009,1,1,1,2,50,680,95
1/8/2014 13:57,2,3,66,462,41898,2454.8588,1482,0,1,1,2/21/2014,2/23/2014,3,0,2,12009,1,1,1,2,50,680,95
1/8/2014 13:58,2,3,66,462,41898,2454.8588,1482,0,1,1,2/21/2014,2/23/2014,2,0,2,12009,1,1,1,2,50,680,95
1/8/2014 14:03,2,3,66,462,41898,2454.8588,1482,0,0,1,2/22/2014,2/24/2014,1,0,1,28494,6,1,1,2,50,680,95
1/8/2014 14:09,2,3,66,462,41898,2454.8588,1482,0,0,1,2/22/2014,2/24/2014,3,0,2,28494,6,1,1,2,50,680,95
1/8/2014 14:15,2,3,66,462,41898,2455.2272,1482,0,0,1,2/22/2014,2/27/2014,2,0,1,28494,6,1,4,2,50,680,77
1/8/2014 14:18,2,3,66,462,41898,2455.2272,1482,0,0,1,2/22/2014,2/24/2014,1,0,1,28494,6,1,4,2,50,680,77
1/8/2014 14:30,2,3,66,462,41898,2455.2272,1482,0,0,1,2/22/2014,2/24/2014,3,0,2,28494,6,1,2,2,50,680,77
5/14/2014 14:57,2,3,66,462,49272,16.7526,1482,0,0,0,6/5/2014,6/6/2014,2,0,1,23454,6,1,1,2,50,552,13
5/14/2014 14:58,2,3,66,462,49272,16.9208,1482,0,0,0,6/5/2014,6/6/2014,2,0,1,23454,6,1,1,2,50,552,42
8/14/2014 20:50,2,3,66,462,41898,2104.9854,1482,0,1,9,8/29/2014,8/30/2014,3,0,1,8266,1,1,2,2,50,411,9
8/14/2014 21:10,2,3,66,462,41898,2104.9854,1482,0,0,9,8/30/2014,9/7/2014,3,0,1,8266,1,1,1,2,50,411,9
8/16/2014 19:42,2,3,66,462,41898,2104.7296,1482,0,0,0,9/7/2014,9/8/2014,3,0,1,44269,8,1,1,2,50,411,55
8/16/2014 19:42,2,3,66,462,41898,2105.1808,1482,0,0,0,9/7/2014,9/8/2014,3,0,1,44269,8,1,1,2,50,411,5
8/16/2014 19:44,2,3,66,462,41898,2104.9654,1482,0,0,0,9/7/2014,9/8/2014,3,0,1,44269,8,1,1,2,50,411,91
8/16/2014 19:46,2,3,66,462,41898,2105.1599,1482,0,0,0,9/7/2014,9/8/2014,3,0,1,44269,8,1,2,2,50,411,13
8/16/2014 19:49,2,3,66,462,41898,2104.6446,1482,0,0,0,9/7/2014,9/8/2014,3,0,1,44269,8,1,3,2,50,411,72
8/16/2014 19:50,2,3,66,462,41898,2104.8425,1482,0,0,0,9/7/2014,9/8/2014,3,0,1,44269,8,1,1,2,50,411,72
10/10/2014 17:01,2,3,66,462,41898,2671.9638,1482,0,1,0,3/31/2015,4/7/2015,2,0,1,8855,1,1,3,2,50,213,55
10/10/2014 17:18,2,3,66,462,41898,2672.257,1482,0,1,0,3/31/2015,4/7/2015,2,0,1,8855,1,1,3,2,50,213,26
11/28/2014 7:54,2,3,66,462,41898,2715.7274,1482,0,1,7,12/27/2014,12/31/2014,2,0,1,11938,1,1,1,4,8,126,65
9/15/2014 14:53,2,3,66,311,45008,0,1561,0,0,0,9/19/2014,9/21/2014,2,0,1,7635,3,1,2,2,50,675,21
9/15/2014 14:55,2,3,66,311,45008,0,1561,0,0,0,9/19/2014,9/21/2014,2,0,1,7635,3,1,1,2,50,675,56
9/15/2014 14:57,2,3,66,311,45008,0,1561,0,0,0,9/19/2014,9/21/2014,2,0,1,7635,3,1,1,2,50,675,56
9/15/2014 14:58,2,3,66,311,45008,0,1561,0,0,0,9/19/2014,9/21/2014,2,0,1,7635,3,1,1,2,50,675,69
9/15/2014 15:02,2,3,66,311,45008,0,1561,0,0,0,9/19/2014,9/21/2014,2,0,1,52565,7,1,2,2,50,674,68
9/15/2014 15:08,2,3,66,311,45008,0,1561,0,0,0,9/19/2014,9/21/2014,2,0,1,7635,3,1,1,2,50,675,75
9/15/2014 18:28,2,3,66,311,45008,0,1561,0,0,9,9/19/2014,9/21/2014,2,0,1,13393,4,1,1,2,50,675,56
9/15/2014 19:07,2,3,66,311,45008,0,1561,0,0,9,9/19/2014,9/21/2014,2,0,1,52565,7,1,1,2,50,674,68
10/24/2014 11:36,2,3,66,174,40365,5463.5637,1713,0,0,0,11/6/2014,11/7/2014,4,0,2,12702,5,1,2,0,87,58,6
10/24/2014 11:43,2,3,66,174,40365,8456.8294,1713,0,0,0,11/6/2014,11/7/2014,4,0,2,1571,3,1,1,3,5,89,38
10/29/2014 14:09,2,3,66,174,40365,8454.4977,1713,0,0,0,11/11/2014,11/12/2014,2,0,2,1571,3,1,1,3,5,89,46
10/29/2014 14:09,2,3,66,174,40365,8454.262,1713,0,0,0,11/11/2014,11/12/2014,2,0,2,1571,3,1,4,3,5,89,67
10/29/2014 14:12,2,3,66,174,40365,8455.6211,1713,0,0,0,11/1/2014,11/4/2014,2,0,1,1571,3,1,1,3,5,89,81
10/29/2014 14:14,2,3,66,174,40365,8457.2636,1713,0,0,0,11/7/2014,11/10/2014,2,0,1,1571,3,1,2,3,5,89,82
10/29/2014 14:14,2,3,66,174,40365,8456.8294,1713,0,0,0,11/11/2014,11/12/2014,2,0,2,1571,3,1,3,3,5,89,38
10/29/2014 14:15,2,3,66,174,40365,8457.0606,1713,0,0,0,10/31/2014,11/3/2014,2,0,1,1571,3,1,1,3,5,89,53
10/29/2014 14:32,2,3,66,174,40365,8456.8294,1713,0,0,0,11/11/2014,11/12/2014,2,0,2,1571,3,1,1,3,5,89,38
12/5/2014 9:49,2,3,66,174,21855,8393.1607,1713,0,0,1,12/11/2014,12/12/2014,1,0,1,12861,5,1,1,3,5,89,81
12/5/2014 9:51,2,3,66,174,21855,8392.6744,1713,0,0,1,12/11/2014,12/12/2014,1,0,1,12861,5,1,1,3,5,89,78
12/5/2014 9:51,2,3,66,174,21855,8390.0936,1713,0,0,1,12/11/2014,12/12/2014,1,0,1,12861,5,1,2,3,5,89,67
12/5/2014 9:54,2,3,66,174,21855,8390.1663,1713,0,0,1,12/11/2014,12/12/2014,1,0,1,12861,5,1,1,3,5,89,46
12/5/2014 9:58,2,3,66,174,21855,8393.1607,1713,0,0,1,12/11/2014,12/12/2014,1,0,1,12861,5,1,1,3,5,89,81
1/10/2013 18:04,37,1,69,923,23649,0,2140,1,0,0,4/6/2013,4/7/2013,5,2,3,22494,6,1,1,6,204,1776,82
1/10/2013 18:24,37,1,69,923,23649,0,2140,1,0,0,4/6/2013,4/7/2013,4,3,2,22494,6,1,1,6,204,1776,43
1/10/2013 18:26,37,1,69,923,23649,0,2140,1,0,0,4/6/2013,4/7/2013,5,2,3,22494,6,1,2,6,204,1776,43
1/10/2013 18:30,37,1,69,923,23649,0,2140,1,0,0,4/6/2013,4/7/2013,5,2,3,22494,6,1,1,6,204,1776,43
1/10/2013 18:30,37,1,69,923,23649,0,2140,1,0,0,4/6/2013,4/7/2013,2,2,1,22494,6,1,1,6,204,1776,43
12/1/2013 21:59,24,2,3,64,12576,0,2451,0,0,4,2/26/2014,2/27/2014,2,0,1,14038,6,1,10,6,105,35,82
12/1/2013 21:59,24,2,3,64,12576,0,2451,0,0,4,2/27/2014,2/28/2014,2,0,1,14038,6,1,1,6,105,35,82
12/1/2013 22:00,24,2,3,64,12576,0,2451,0,0,4,2/25/2014,2/26/2014,2,0,1,14038,6,1,1,6,105,35,82
12/1/2013 22:14,24,2,3,64,12576,0,2451,0,0,4,2/28/2014,3/1/2014,2,0,1,14038,6,1,1,6,105,35,82
12/2/2013 1:46,24,2,3,64,12576,0,2451,0,0,4,3/3/2014,3/4/2014,2,0,1,53949,3,1,1,6,105,29,37
12/2/2013 1:48,24,2,3,64,12576,0,2451,0,0,4,3/3/2014,3/4/2014,2,0,1,53949,3,1,1,6,105,29,99
12/2/2013 2:04,24,2,3,64,12576,0,2451,0,0,4,3/3/2014,3/4/2014,2,0,1,18489,6,1,2,6,105,29,8
12/2/2013 2:05,24,2,3,64,12576,0,2451,0,0,4,2/28/2014,3/4/2014,2,0,1,18489,6,1,1,6,105,29,8
12/2/2013 2:08,24,2,3,64,12576,0,2451,0,0,4,3/3/2014,3/4/2014,2,0,1,18488,6,1,1,6,105,29,78
12/2/2013 2:15,24,2,3,64,12576,0,2451,0,0,4,3/3/2014,3/4/2014,2,0,1,18488,6,1,2,6,105,29,8
12/2/2013 2:22,24,2,3,64,12576,0,2451,0,0,4,2/28/2014,3/4/2014,2,0,1,18488,6,1,1,6,105,29,8
12/2/2013 2:22,24,2,3,64,12576,0,2451,0,0,4,2/28/2014,3/1/2014,2,0,1,18488,6,1,1,6,105,29,8
12/2/2013 2:25,24,2,3,64,12576,0,2451,0,0,4,3/3/2014,3/4/2014,2,0,1,21788,6,1,1,6,105,29,8
12/2/2013 2:29,24,2,3,64,12576,0,2451,0,0,4,3/3/2014,3/4/2014,2,0,1,18492,6,1,1,6,105,29,35
12/2/2013 2:31,24,2,3,64,12576,0,2451,0,0,4,3/3/2014,3/4/2014,2,0,1,18492,6,1,1,6,105,29,25
12/2/2013 3:06,24,2,3,64,12576,0,2451,0,0,4,3/3/2014,3/4/2014,2,0,1,8785,1,1,4,6,105,35,25
12/2/2013 3:06,24,2,3,64,12576,0,2451,0,1,4,2/26/2014,2/28/2014,2,0,1,8785,1,1,1,6,105,35,25
12/2/2013 3:07,24,2,3,64,12576,0,2451,0,0,4,2/26/2014,2/27/2014,2,0,1,8785,1,1,8,6,105,35,25
12/2/2013 3:08,24,2,3,64,12576,0,2451,0,0,4,2/27/2014,2/28/2014,2,0,1,8785,1,1,1,6,105,35,25
12/2/2013 4:30,24,2,3,64,12576,0,2451,0,0,4,2/26/2014,2/27/2014,2,0,1,8785,1,1,1,6,105,35,25
12/2/2013 4:42,24,2,3,64,12576,0,2451,0,0,4,3/3/2014,3/4/2014,2,0,1,8785,1,1,2,6,105,35,55
12/2/2013 4:43,24,2,3,64,12576,0,2451,0,0,4,2/26/2014,2/27/2014,2,0,1,8785,1,1,1,6,105,35,55
1/25/2014 23:50,24,2,3,64,12576,0,2451,0,0,4,3/3/2014,3/4/2014,2,0,1,8746,1,1,1,6,105,29,82
1/25/2014 23:53,24,2,3,64,12576,0,2451,0,0,4,3/3/2014,3/4/2014,2,0,1,21787,6,1,2,6,105,29,9
1/25/2014 23:54,24,2,3,64,12576,0,2451,0,0,4,2/28/2014,3/4/2014,2,0,1,21787,6,1,1,6,105,29,9
1/26/2014 0:00,24,2,3,64,12576,0,2451,0,0,4,3/3/2014,3/4/2014,2,0,1,21787,6,1,1,6,105,29,20
2/23/2014 20:54,24,2,3,64,12576,0,2451,0,0,2,3/2/2014,3/3/2014,2,0,1,18489,6,1,1,6,105,29,90
7/17/2014 23:59,24,2,3,64,12576,0,2451,0,0,2,8/30/2014,8/31/2014,2,0,1,8746,1,1,1,6,105,29,82
7/18/2014 0:24,24,2,3,64,12576,0,2451,0,0,2,8/30/2014,8/31/2014,2,0,1,8746,1,1,1,6,105,29,43
7/18/2014 0:50,24,2,3,64,12576,0,2451,0,0,2,8/30/2014,8/31/2014,2,0,1,8746,1,1,1,6,105,29,8
7/18/2014 0:55,24,2,3,64,12576,0,2451,0,0,2,8/30/2014,8/31/2014,2,0,1,8746,1,1,1,6,105,29,43
7/18/2014 1:00,24,2,3,64,12576,0,2451,0,0,2,8/30/2014,8/31/2014,2,0,1,8746,1,1,1,6,105,29,99
7/18/2014 1:02,24,2,3,64,12576,0,2451,0,0,2,8/30/2014,8/31/2014,2,0,1,8746,1,1,2,6,105,29,8
7/18/2014 1:30,24,2,3,64,12576,0,2451,0,0,2,8/30/2014,8/31/2014,2,0,1,8746,1,1,1,6,105,29,38
7/18/2014 1:32,24,2,3,64,12576,0,2451,0,0,2,8/30/2014,8/31/2014,2,0,1,8746,1,1,1,6,105,29,25
7/18/2014 1:33,24,2,3,64,12576,0,2451,0,0,2,8/30/2014,8/31/2014,2,0,1,8746,1,1,1,6,105,29,50
7/18/2014 1:36,24,2,3,64,12576,0,2451,0,0,2,8/30/2014,8/31/2014,2,0,1,8746,1,1,1,6,105,29,67
7/18/2014 1:45,24,2,3,64,12576,0,2451,0,0,2,8/30/2014,8/31/2014,2,0,1,8746,1,1,1,6,105,29,35
7/18/2014 1:47,24,2,3,64,12576,0,2451,0,0,2,8/30/2014,8/31/2014,2,0,1,8746,1,1,1,6,105,29,20
7/18/2014 1:51,24,2,3,64,12576,0,2451,0,0,2,8/30/2014,8/31/2014,2,0,1,8746,1,1,1,6,105,29,57
7/18/2014 1:56,24,2,3,64,12576,0,2451,0,0,2,8/30/2014,8/31/2014,2,0,1,8746,1,1,1,6,105,29,8
7/18/2014 2:02,24,2,3,64,12576,0,2451,0,0,2,8/28/2014,8/29/2014,2,0,1,8746,1,1,1,6,105,29,8
7/18/2014 2:09,24,2,3,64,12576,0,2451,0,0,2,8/27/2014,8/28/2014,2,0,1,17823,1,1,1,6,105,770,99
7/18/2014 2:12,24,2,3,64,12576,0,2451,0,0,2,8/27/2014,8/28/2014,2,0,1,17823,1,1,1,6,105,770,22
7/18/2014 2:13,24,2,3,64,12576,0,2451,0,0,2,8/27/2014,8/28/2014,2,0,1,17823,1,1,1,6,105,770,25
7/18/2014 2:18,24,2,3,64,12576,0,2451,0,0,2,8/27/2014,8/28/2014,2,0,1,17823,1,1,1,6,105,770,64
7/18/2014 2:24,24,2,3,64,12576,0,2451,0,0,2,8/27/2014,8/28/2014,2,0,1,17823,1,1,1,6,105,770,99
8/3/2014 2:26,24,2,3,64,4777,0,2451,0,0,2,8/30/2014,8/31/2014,2,0,1,8746,1,1,3,6,105,29,64
8/3/2014 2:42,24,2,3,64,4777,0,2451,0,0,2,8/28/2014,8/29/2014,2,0,1,8746,1,1,1,6,105,29,64
8/3/2014 2:53,24,2,3,64,4777,0,2451,0,0,2,8/30/2014,8/31/2014,2,0,1,8746,1,1,1,6,105,29,38
8/9/2014 3:11,24,2,3,64,4777,0,2451,0,0,2,8/30/2014,8/31/2014,2,0,1,8746,1,1,2,6,105,29,30
8/9/2014 3:18,24,2,3,64,4777,0,2451,0,0,2,8/30/2014,8/31/2014,2,0,1,8746,1,1,1,6,105,29,95
8/9/2014 3:23,24,2,3,64,4777,0,2451,0,0,2,8/30/2014,8/31/2014,2,0,1,8746,1,1,2,6,105,29,99
8/9/2014 3:24,24,2,3,64,4777,0,2451,0,0,2,8/31/2014,9/1/2014,2,0,1,8746,1,1,1,6,105,29,99
8/9/2014 3:37,24,2,3,64,4777,0,2451,0,0,2,8/30/2014,8/31/2014,2,0,1,8746,1,1,1,6,105,29,22
8/9/2014 3:48,24,2,3,64,4777,0,2451,0,1,2,8/30/2014,8/31/2014,2,0,1,18492,6,1,1,6,105,29,8
8/12/2014 1:00,24,2,3,64,4777,0,2451,0,0,7,8/30/2014,8/31/2014,2,0,1,8746,1,1,1,6,105,29,16
8/12/2014 1:16,24,2,3,64,4777,0,2451,0,0,7,8/30/2014,8/31/2014,2,0,1,8746,1,1,1,6,105,29,8
8/12/2014 1:30,24,2,3,64,4777,0,2451,0,0,7,8/26/2014,8/27/2014,2,0,1,8845,1,0,1,6,105,1854,78
8/17/2014 15:06,24,2,3,64,4777,0,2451,0,0,2,8/27/2014,8/28/2014,2,0,1,17823,1,0,1,6,105,770,60
8/17/2014 15:08,24,2,3,64,4777,0,2451,0,0,2,8/27/2014,8/28/2014,2,0,1,17823,1,0,1,6,105,770,82
8/19/2014 5:46,24,2,3,64,4777,0,2451,0,0,3,8/30/2014,8/31/2014,2,0,1,8746,1,0,2,6,105,29,8
11/9/2014 21:05,24,2,3,64,47431,0,2451,0,0,2,2/8/2015,2/9/2015,2,0,1,8740,1,0,2,6,105,12,43
11/9/2014 21:21,24,2,3,64,47431,0,2451,0,0,2,2/9/2015,2/10/2015,2,0,1,8740,1,0,1,6,105,12,43
11/15/2014 18:34,24,2,3,64,47431,0,2451,0,1,2,2/6/2015,2/7/2015,1,0,1,43705,6,0,2,6,105,809,29
11/15/2014 18:38,24,2,3,64,47431,0,2451,0,1,2,2/6/2015,2/7/2015,1,0,1,43705,6,0,8,6,105,809,36
11/15/2014 18:56,24,2,3,64,47431,0,2451,0,1,2,2/6/2015,2/7/2015,1,0,1,21790,6,0,5,6,105,29,21
12/16/2014 18:15,24,2,3,64,9448,0,2451,0,0,2,2/8/2015,2/9/2015,2,0,1,8785,1,0,1,6,105,35,8
12/16/2014 19:35,24,2,3,64,9448,0,2451,0,0,9,2/8/2015,2/9/2015,2,0,1,14039,6,0,1,6,105,35,8
12/17/2014 2:37,24,2,3,64,9448,0,2451,0,0,2,2/8/2015,2/9/2015,2,0,1,18653,6,0,2,6,105,35,35
12/20/2014 5:22,24,2,3,64,9448,0,2451,0,0,2,2/4/2015,2/11/2015,1,0,1,8746,1,0,1,6,105,29,99
12/20/2014 5:23,24,2,3,64,9448,0,2451,0,0,2,2/4/2015,2/11/2015,1,0,1,8746,1,0,1,6,105,29,11
12/23/2014 2:33,24,2,3,64,9448,0,2451,0,0,0,2/4/2015,2/5/2015,2,0,1,65035,6,0,1,6,105,29,10
12/23/2014 2:36,24,2,3,64,9448,0,2451,0,0,0,2/9/2015,2/10/2015,2,0,1,65035,6,0,1,6,105,29,10
12/23/2014 2:37,24,2,3,64,9448,0,2451,0,0,0,2/10/2015,2/11/2015,2,0,1,65035,6,0,1,6,105,29,10
12/23/2014 2:41,24,2,3,64,9448,0,2451,0,0,0,2/4/2015,2/5/2015,2,0,1,21787,6,0,1,6,105,29,99
12/23/2014 2:42,24,2,3,64,9448,0,2451,0,0,0,2/9/2015,2/10/2015,2,0,1,21787,6,0,2,6,105,29,99
12/23/2014 2:43,24,2,3,64,9448,0,2451,0,0,0,2/10/2015,2/11/2015,2,0,1,21787,6,0,2,6,105,29,99
12/23/2014 2:51,24,2,3,64,9448,0,2451,0,0,0,2/7/2015,2/8/2015,2,0,1,14041,6,0,1,6,105,35,8
12/23/2014 2:54,24,2,3,64,9448,0,2451,0,0,0,2/5/2015,2/6/2015,2,0,1,14041,6,0,1,6,105,35,8
12/23/2014 2:56,24,2,3,64,9448,0,2451,0,0,0,2/6/2015,2/7/2015,2,0,1,14041,6,0,1,6,105,35,8
12/23/2014 3:02,24,2,3,64,9448,0,2451,0,0,0,2/7/2015,2/8/2015,2,0,1,8785,1,0,1,6,105,35,36
12/23/2014 3:04,24,2,3,64,9448,0,2451,0,0,0,2/6/2015,2/8/2015,2,0,1,8785,1,0,1,6,105,35,36
12/23/2014 3:04,24,2,3,64,9448,0,2451,0,0,0,2/6/2015,2/7/2015,2,0,1,8785,1,0,1,6,105,35,36
12/23/2014 3:05,24,2,3,64,9448,0,2451,0,0,0,2/5/2015,2/6/2015,2,0,1,8785,1,0,1,6,105,35,36
12/23/2014 3:14,24,2,3,64,9448,0,2451,0,0,0,2/7/2015,2/8/2015,2,0,1,8785,1,0,1,6,105,35,11
12/23/2014 3:26,24,2,3,64,9448,0,2451,0,0,0,2/7/2015,2/8/2015,2,0,1,14041,6,0,1,6,105,35,22
12/23/2014 3:33,24,2,3,64,9448,0,2451,0,0,0,2/7/2015,2/8/2015,2,0,1,8785,1,0,1,6,105,35,64
12/23/2014 3:35,24,2,3,64,9448,0,2451,0,0,0,2/7/2015,2/8/2015,2,0,1,8785,1,0,1,6,105,35,97
12/23/2014 4:05,24,2,3,64,9448,0,2451,0,0,0,2/7/2015,2/8/2015,2,0,1,14039,6,0,1,6,105,35,11
12/23/2014 19:15,24,2,3,64,9448,0,2451,0,0,2,2/7/2015,2/8/2015,2,0,1,14039,6,0,1,6,105,35,36
12/23/2014 19:16,24,2,3,64,9448,0,2451,0,0,2,2/7/2015,2/8/2015,2,0,1,14039,6,0,1,6,105,35,11
12/23/2014 19:19,24,2,3,64,9448,0,2451,0,0,2,2/6/2015,2/7/2015,2,0,1,14039,6,0,1,6,105,35,36
12/23/2014 19:21,24,2,3,64,9448,0,2451,0,0,2,2/6/2015,2/7/2015,2,0,1,14039,6,0,1,6,105,35,37
12/23/2014 19:22,24,2,3,64,9448,0,2451,0,0,2,2/6/2015,2/7/2015,2,0,1,14039,6,0,1,6,105,35,8
12/23/2014 19:32,24,2,3,64,9448,0,2451,0,0,2,2/6/2015,2/7/2015,2,0,1,14039,6,0,1,6,105,35,22
12/25/2014 3:03,24,2,3,64,9448,0,2451,1,0,9,2/5/2015,2/6/2015,2,0,1,8785,1,0,1,6,105,35,2
12/25/2014 3:18,24,2,3,64,9448,0,2451,1,0,9,2/5/2015,2/6/2015,2,0,1,8785,1,1,1,6,105,35,8
12/25/2014 3:25,24,2,3,64,9448,0,2451,1,0,9,2/6/2015,2/7/2015,2,0,1,8785,1,1,1,6,105,809,59
12/25/2014 3:28,24,2,3,64,9448,0,2451,1,0,9,2/6/2015,2/7/2015,2,0,1,8785,1,1,1,6,105,35,36
12/25/2014 3:31,24,2,3,64,9448,0,2451,1,0,9,2/6/2015,2/7/2015,2,0,1,8785,1,1,1,6,105,35,8
12/25/2014 3:34,24,2,3,64,9448,0,2451,1,0,9,2/6/2015,2/7/2015,2,0,1,8785,1,1,1,6,105,35,62
12/25/2014 15:17,24,2,3,51,9527,0,2451,1,0,9,2/6/2015,2/7/2015,2,0,1,8785,1,1,1,6,105,35,36
12/25/2014 15:19,24,2,3,51,9527,0,2451,1,0,9,2/6/2015,2/7/2015,2,0,1,8785,1,1,2,6,105,35,78
12/25/2014 15:30,24,2,3,51,9527,0,2451,1,0,9,2/6/2015,2/7/2015,2,0,1,8785,1,1,1,6,105,35,85
12/25/2014 15:32,24,2,3,51,9527,0,2451,1,0,9,2/6/2015,2/7/2015,2,0,1,8785,1,1,1,6,105,35,29
12/25/2014 15:35,24,2,3,51,9527,0,2451,1,0,9,2/6/2015,2/7/2015,2,0,1,8785,1,1,1,6,105,35,85
12/25/2014 15:38,24,2,3,51,9527,0,2451,1,0,9,2/6/2015,2/7/2015,2,0,1,8785,1,1,1,6,105,35,5
12/25/2014 15:39,24,2,3,51,9527,0,2451,1,0,9,2/6/2015,2/7/2015,2,0,1,8785,1,1,1,6,105,35,85
12/26/2014 18:07,24,2,3,64,9448,0,2451,0,0,4,2/6/2015,2/7/2015,2,0,1,14039,6,1,2,6,105,35,36
12/26/2014 18:08,24,2,3,64,9448,0,2451,0,0,4,2/5/2015,2/6/2015,2,0,1,14039,6,1,1,6,105,35,36
12/26/2014 18:15,24,2,3,64,9448,0,2451,0,0,4,2/6/2015,2/7/2015,2,0,1,14041,6,1,2,6,105,35,99
12/26/2014 18:19,24,2,3,64,9448,0,2451,0,0,4,2/5/2015,2/6/2015,2,0,1,14041,6,1,1,6,105,35,99
12/26/2014 18:24,24,2,3,64,9448,0,2451,0,0,4,2/6/2015,2/7/2015,2,0,1,14041,6,1,2,6,105,35,64
12/26/2014 18:27,24,2,3,64,9448,0,2451,0,0,4,2/5/2015,2/6/2015,2,0,1,14041,6,1,1,6,105,35,64
12/26/2014 18:29,24,2,3,64,9448,0,2451,0,0,4,2/6/2015,2/7/2015,2,0,1,14041,6,1,1,6,105,35,64
12/26/2014 18:38,24,2,3,64,9448,0,2451,0,0,4,2/6/2015,2/7/2015,2,0,1,14041,6,1,1,6,105,35,22
12/26/2014 18:42,24,2,3,64,9448,0,2451,0,0,4,2/6/2015,2/7/2015,2,0,1,14041,6,1,5,6,105,35,8
12/26/2014 18:56,24,2,3,64,9448,0,2451,0,0,4,2/7/2015,2/8/2015,2,0,1,14041,6,1,3,6,105,35,8
12/26/2014 18:57,24,2,3,64,9448,0,2451,0,0,4,2/8/2015,2/9/2015,2,0,1,14041,6,1,2,6,105,35,8
12/26/2014 19:01,24,2,3,64,9448,0,2451,0,0,4,2/9/2015,2/10/2015,2,0,1,14041,6,1,1,6,105,35,8
12/26/2014 19:05,24,2,3,64,9448,0,2451,0,0,4,2/5/2015,2/6/2015,2,0,1,14041,6,1,5,6,105,35,8
12/28/2014 19:29,24,2,3,64,9448,0,2451,0,0,4,2/6/2015,2/7/2015,2,0,1,14039,6,1,1,6,105,35,22
12/28/2014 19:35,24,2,3,64,9448,0,2451,0,0,4,2/6/2015,2/7/2015,2,0,1,14039,6,1,1,6,105,35,8
12/28/2014 19:36,24,2,3,64,9448,0,2451,0,0,4,2/6/2015,2/7/2015,2,0,1,14039,6,1,1,6,105,35,89
12/28/2014 19:57,24,2,3,64,9448,0,2451,0,0,4,2/4/2015,2/5/2015,2,0,1,8746,1,1,1,6,105,29,99
12/28/2014 20:07,24,2,3,64,9448,0,2451,0,0,4,2/4/2015,2/5/2015,2,0,1,65035,6,1,1,6,105,29,35
12/28/2014 20:17,24,2,3,64,9448,0,2451,0,0,4,2/4/2015,2/5/2015,2,0,1,65035,6,1,2,6,105,29,10
12/28/2014 20:21,24,2,3,64,9448,0,2451,0,0,4,2/9/2015,2/10/2015,2,0,1,65035,6,1,1,6,105,29,10
12/28/2014 20:38,24,2,3,64,9448,0,2451,0,0,4,2/4/2015,2/5/2015,2,0,1,65035,6,1,1,6,105,29,10
12/28/2014 23:47,24,2,3,64,9448,0,2451,0,0,4,2/4/2015,2/5/2015,2,0,1,18492,6,1,1,6,105,29,8
12/28/2014 23:50,24,2,3,64,9448,0,2451,0,0,4,2/4/2015,2/5/2015,2,0,1,18492,6,1,1,6,105,29,35
12/29/2014 0:02,24,2,3,64,9448,0,2451,0,0,4,2/4/2015,2/5/2015,2,0,1,18492,6,1,1,6,105,29,35
12/29/2014 0:06,24,2,3,64,9448,0,2451,0,0,4,2/4/2015,2/5/2015,2,0,1,18492,6,1,1,6,105,29,73
12/29/2014 0:12,24,2,3,64,9448,0,2451,0,0,4,2/4/2015,2/5/2015,2,0,1,18492,6,1,1,6,105,29,8
12/29/2014 0:19,24,2,3,64,9448,0,2451,0,0,4,2/9/2015,2/10/2015,2,0,1,18492,6,1,1,6,105,29,8
12/29/2014 0:49,24,2,3,64,9448,0,2451,0,0,4,2/10/2015,2/11/2015,2,0,1,8746,1,1,1,6,105,29,99
12/29/2014 1:11,24,2,3,64,9448,0,2451,0,0,4,2/10/2015,2/11/2015,2,0,1,8746,1,1,1,6,105,29,99
12/29/2014 1:18,24,2,3,64,9448,0,2451,0,0,4,2/10/2015,2/11/2015,2,0,1,8746,1,1,1,6,105,29,99
12/29/2014 3:49,24,2,3,64,9448,0,2451,0,0,4,2/8/2015,2/9/2015,2,0,1,33393,6,1,1,6,105,12,81
12/29/2014 3:54,24,2,3,64,9448,0,2451,0,0,4,2/8/2015,2/9/2015,2,0,1,33393,6,1,1,6,105,12,8
12/29/2014 3:57,24,2,3,64,9448,0,2451,0,0,4,2/8/2015,2/9/2015,2,0,1,33393,6,1,1,6,105,12,22
12/29/2014 4:00,24,2,3,64,9448,0,2451,0,0,4,2/8/2015,2/9/2015,2,0,1,33393,6,1,1,6,105,12,58
12/29/2014 4:04,24,2,3,64,9448,0,2451,0,0,4,2/8/2015,2/9/2015,2,0,1,33393,6,1,1,6,105,12,99
12/29/2014 4:14,24,2,3,64,9448,0,2451,0,0,4,2/8/2015,2/9/2015,2,0,1,33390,6,1,1,6,105,12,78
12/29/2014 4:20,24,2,3,64,9448,0,2451,0,0,4,2/8/2015,2/9/2015,2,0,1,33390,6,1,1,6,105,12,22
12/29/2014 4:26,24,2,3,64,9448,0,2451,0,0,4,2/8/2015,2/9/2015,2,0,1,33390,6,1,1,6,105,12,78
12/29/2014 4:30,24,2,3,64,9448,0,2451,0,0,4,2/8/2015,2/9/2015,2,0,1,33390,6,1,1,6,105,12,22
12/29/2014 4:36,24,2,3,64,9448,0,2451,0,0,4,2/8/2015,2/9/2015,2,0,1,33390,6,1,1,6,105,12,43
12/29/2014 4:55,24,2,3,64,9448,0,2451,0,0,4,2/8/2015,2/9/2015,2,0,1,33390,6,1,1,6,105,12,8
12/29/2014 4:57,24,2,3,64,9448,0,2451,0,0,4,2/8/2015,2/9/2015,2,0,1,33390,6,1,1,6,105,12,8
12/29/2014 4:59,24,2,3,64,9448,0,2451,0,0,4,2/8/2015,2/9/2015,2,0,1,33390,6,1,1,6,105,12,99
12/29/2014 5:04,24,2,3,64,9448,0,2451,0,0,4,2/8/2015,2/9/2015,2,0,1,33390,6,1,1,6,105,12,22
12/30/2014 0:54,24,2,3,64,9448,0,2451,1,0,9,2/6/2015,2/7/2015,2,0,1,8785,1,1,4,6,105,35,22
12/30/2014 1:01,24,2,3,64,9448,0,2451,1,0,9,2/6/2015,2/7/2015,2,0,1,8785,1,1,1,6,105,35,36
12/30/2014 1:03,24,2,3,64,9448,0,2451,1,0,9,2/6/2015,2/7/2015,2,0,1,8785,1,1,1,6,105,35,62
12/30/2014 1:08,24,2,3,64,9448,0,2451,1,0,9,2/6/2015,2/7/2015,2,0,1,8785,1,1,2,6,105,35,62
12/30/2014 1:13,24,2,3,64,9448,0,2451,1,0,9,2/6/2015,2/7/2015,2,0,1,8785,1,1,1,6,105,35,83
12/30/2014 1:17,24,2,3,64,9448,0,2451,1,0,9,2/6/2015,2/7/2015,2,0,1,8785,1,1,1,6,105,35,5
12/30/2014 1:19,24,2,3,64,9448,0,2451,1,0,9,2/6/2015,2/7/2015,2,0,1,8785,1,1,1,6,105,809,59
12/30/2014 1:23,24,2,3,64,9448,0,2451,1,0,9,2/6/2015,2/7/2015,2,0,1,8785,1,1,1,6,105,35,89
12/30/2014 1:40,24,2,3,64,9448,0,2451,1,0,9,2/7/2015,2/8/2015,2,0,1,8785,1,1,1,6,105,35,78
12/30/2014 1:46,24,2,3,64,9448,0,2451,1,0,9,2/7/2015,2/8/2015,2,0,1,8785,1,1,1,6,105,35,36
12/30/2014 3:05,24,2,3,64,9448,0,2451,0,0,4,2/7/2015,2/8/2015,2,0,1,14039,6,1,2,6,105,35,78
12/30/2014 3:12,24,2,3,64,9448,0,2451,0,0,4,2/7/2015,2/8/2015,2,0,1,14039,6,1,1,6,105,35,36
12/30/2014 4:27,24,2,3,64,9448,0,2451,0,0,4,2/7/2015,2/8/2015,2,0,1,14039,6,1,1,6,105,35,36
12/30/2014 4:28,24,2,3,64,9448,0,2451,0,0,4,2/7/2015,2/8/2015,2,0,1,14039,6,1,5,6,105,35,78
12/30/2014 4:51,24,2,3,64,9448,0,2451,0,0,4,2/7/2015,2/8/2015,2,0,1,14039,6,1,1,6,105,35,78
12/30/2014 4:54,24,2,3,64,9448,0,2451,0,0,4,2/6/2015,2/7/2015,2,0,1,14039,6,1,1,6,105,35,78
12/30/2014 5:36,24,2,3,64,9448,0,2451,0,0,4,2/8/2015,2/9/2015,2,0,1,33393,6,1,1,6,105,12,35
12/30/2014 5:41,24,2,3,64,9448,0,2451,0,0,4,2/8/2015,2/9/2015,2,0,1,33393,6,1,1,6,105,12,5
12/30/2014 5:49,24,2,3,64,9448,0,2451,0,0,4,2/8/2015,2/9/2015,2,0,1,33393,6,1,1,6,105,12,8
12/30/2014 5:51,24,2,3,64,9448,0,2451,0,0,4,2/8/2015,2/9/2015,2,0,1,33393,6,1,1,6,105,12,8
12/30/2014 5:57,24,2,3,64,9448,0,2451,0,0,4,2/8/2015,2/9/2015,2,0,1,33393,6,1,1,6,105,12,14
12/30/2014 6:01,24,2,3,64,9448,0,2451,0,0,4,2/8/2015,2/9/2015,2,0,1,33393,6,1,1,6,105,12,10
12/30/2014 6:04,24,2,3,64,9448,0,2451,0,0,4,2/8/2015,2/9/2015,2,0,1,33393,6,1,1,6,105,12,51
12/30/2014 6:08,24,2,3,64,9448,0,2451,0,0,4,2/8/2015,2/9/2015,2,0,1,33393,6,1,1,6,105,12,67
12/30/2014 6:13,24,2,3,64,9448,0,2451,0,0,4,2/8/2015,2/9/2015,2,0,1,33393,6,1,1,6,105,12,2
12/30/2014 6:21,24,2,3,64,9448,0,2451,0,0,4,2/8/2015,2/9/2015,2,0,1,33393,6,1,1,6,105,12,81
12/30/2014 6:30,24,2,3,64,9448,0,2451,0,0,4,2/8/2015,2/9/2015,2,0,1,33393,6,1,1,6,105,12,10
12/30/2014 6:34,24,2,3,64,9448,0,2451,0,0,4,2/8/2015,2/9/2015,2,0,1,33393,6,1,1,6,105,12,43
12/30/2014 6:40,24,2,3,64,9448,0,2451,0,0,4,2/8/2015,2/9/2015,2,0,1,33393,6,1,1,6,105,12,99
12/30/2014 6:50,24,2,3,64,9448,0,2451,0,0,4,2/8/2015,2/9/2015,2,0,1,33393,6,1,1,6,105,12,8
12/30/2014 6:52,24,2,3,64,9448,0,2451,0,0,4,2/8/2015,2/9/2015,2,0,1,33393,6,1,1,6,105,12,22
12/30/2014 7:03,24,2,3,64,9448,0,2451,0,0,4,2/8/2015,2/9/2015,2,0,1,33393,6,1,1,6,105,12,22
12/30/2014 7:11,24,2,3,64,9448,0,2451,0,0,4,2/8/2015,2/9/2015,2,0,1,33393,6,1,1,6,105,12,22
12/30/2014 7:16,24,2,3,64,9448,0,2451,0,0,4,2/8/2015,2/9/2015,2,0,1,33393,6,1,1,6,105,12,43
12/30/2014 7:22,24,2,3,64,9448,0,2451,0,0,4,2/8/2015,2/9/2015,2,0,1,33393,6,1,1,6,105,12,22
12/30/2014 7:28,24,2,3,64,9448,0,2451,0,0,4,2/8/2015,2/9/2015,2,0,1,33393,6,1,1,6,105,12,58
12/30/2014 7:35,24,2,3,64,9448,0,2451,0,0,4,2/8/2015,2/9/2015,2,0,1,33393,6,1,2,6,105,12,8
12/30/2014 8:09,24,2,3,64,9448,0,2451,0,0,4,2/8/2015,2/9/2015,2,0,1,33390,6,1,1,6,105,12,22
12/30/2014 8:17,24,2,3,64,9448,0,2451,0,0,4,2/8/2015,2/9/2015,2,0,1,33390,6,1,1,6,105,12,22
12/30/2014 8:56,24,2,3,64,9448,0,2451,0,0,4,2/8/2015,2/9/2015,2,0,1,33393,6,1,1,6,105,12,8
12/30/2014 9:28,24,2,3,64,9448,0,2451,0,0,4,2/6/2015,2/7/2015,2,0,1,14039,6,1,1,6,105,35,8
12/30/2014 9:30,24,2,3,64,9448,0,2451,0,0,4,2/6/2015,2/7/2015,2,0,1,14039,6,1,1,6,105,35,36
12/30/2014 9:32,24,2,3,64,9448,0,2451,0,0,4,2/6/2015,2/7/2015,2,0,1,14039,6,1,1,6,105,35,14
12/30/2014 9:53,24,2,3,64,9448,0,2451,0,0,4,2/6/2015,2/7/2015,2,0,1,14039,6,1,1,6,105,35,22
12/30/2014 10:01,24,2,3,64,9448,0,2451,0,0,4,2/6/2015,2/7/2015,2,0,1,14041,6,1,1,6,105,35,99
12/30/2014 10:16,24,2,3,64,9448,0,2451,0,0,4,2/4/2015,2/5/2015,2,0,1,18488,6,1,1,6,105,29,81
12/30/2014 10:20,24,2,3,64,9448,0,2451,0,0,4,2/4/2015,2/5/2015,2,0,1,18488,6,1,1,6,105,29,78
12/30/2014 10:21,24,2,3,64,9448,0,2451,0,0,4,2/4/2015,2/5/2015,2,0,1,18488,6,1,1,6,105,29,62
12/30/2014 10:25,24,2,3,64,9448,0,2451,0,0,4,2/4/2015,2/5/2015,2,0,1,18488,6,1,1,6,105,29,8
12/30/2014 10:29,24,2,3,64,9448,0,2451,0,0,4,2/4/2015,2/5/2015,2,0,1,18492,6,1,1,6,105,29,15
12/30/2014 10:36,24,2,3,64,9448,0,2451,0,0,4,2/4/2015,2/5/2015,2,0,1,18492,6,1,1,6,105,29,8
12/30/2014 10:43,24,2,3,64,9448,0,2451,0,0,4,2/4/2015,2/5/2015,2,0,1,18491,6,1,2,6,105,29,8
12/30/2014 10:49,24,2,3,64,9448,0,2451,0,0,4,2/9/2015,2/10/2015,2,0,1,18491,6,1,1,6,105,29,8
12/30/2014 10:54,24,2,3,64,9448,0,2451,0,0,4,2/9/2015,2/10/2015,2,0,1,18491,6,1,3,6,105,29,43
12/30/2014 11:10,24,2,3,64,9448,0,2451,0,0,4,2/9/2015,2/10/2015,2,0,1,21787,6,1,3,6,105,29,15
12/30/2014 11:20,24,2,3,64,9448,0,2451,0,0,4,2/9/2015,2/10/2015,2,0,1,21787,6,1,1,6,105,29,82
12/30/2014 11:27,24,2,3,64,9448,0,2451,0,0,4,2/9/2015,2/10/2015,2,0,1,21787,6,1,1,6,105,29,99
12/30/2014 11:29,24,2,3,64,9448,0,2451,0,0,4,2/4/2015,2/5/2015,2,0,1,21787,6,1,1,6,105,29,99
12/30/2014 11:48,24,2,3,64,9448,0,2451,0,0,4,2/4/2015,2/5/2015,2,0,1,21787,6,1,3,6,105,29,15
12/30/2014 12:43,24,2,3,64,9448,0,2451,0,0,4,2/4/2015,2/5/2015,2,0,1,21787,6,1,1,6,105,29,15
12/30/2014 12:51,24,2,3,64,9448,0,2451,0,0,4,2/9/2015,2/10/2015,2,0,1,21787,6,1,1,6,105,29,15
12/30/2014 12:59,24,2,3,64,9448,0,2451,0,0,4,2/9/2015,2/10/2015,2,0,1,65035,6,1,1,6,105,29,36
12/30/2014 12:59,24,2,3,64,9448,0,2451,0,0,4,2/9/2015,2/10/2015,2,0,1,65035,6,1,2,6,105,29,10
6/3/2014 10:38,2,3,55,405,38988,0,2677,0,0,9,6/13/2014,6/15/2014,2,0,1,8746,1,1,1,6,105,29,57
6/3/2014 10:41,2,3,55,405,38988,0,2677,0,0,9,6/13/2014,6/15/2014,2,0,1,8746,1,1,1,6,105,29,35
6/3/2014 10:42,2,3,55,405,38988,0,2677,0,0,9,6/13/2014,6/15/2014,2,0,1,8746,1,1,1,6,105,29,89
6/3/2014 10:42,2,3,55,405,38988,0,2677,0,0,9,6/13/2014,6/15/2014,2,0,1,8746,1,1,1,6,105,29,89
6/3/2014 10:54,2,3,55,405,38988,0,2677,0,0,9,6/13/2014,6/15/2014,2,0,1,8746,1,1,1,6,105,29,89
6/3/2014 10:56,2,3,55,405,38988,0,2677,0,0,9,6/13/2014,6/15/2014,2,0,1,8746,1,1,1,6,105,29,14
6/3/2014 10:56,2,3,55,405,38988,0,2677,0,0,9,6/13/2014,6/15/2014,2,0,1,8746,1,1,1,6,105,29,30
6/3/2014 10:58,2,3,55,405,38988,0,2677,0,0,9,6/13/2014,6/15/2014,2,0,1,8746,1,1,1,6,105,29,81
6/3/2014 10:59,2,3,55,405,38988,0,2677,0,0,9,6/13/2014,6/15/2014,2,0,1,8746,1,1,1,6,105,29,8
6/3/2014 11:09,2,3,55,405,38988,0,2677,0,0,9,6/13/2014,6/15/2014,2,0,1,8746,1,1,1,6,105,29,40
6/3/2014 12:03,2,3,55,405,38988,0,2677,0,0,9,6/5/2014,6/6/2014,2,0,1,8255,1,1,1,6,77,20,57
6/3/2014 14:48,2,3,55,405,38988,0,2677,0,0,9,6/20/2014,6/21/2014,4,0,1,54650,3,1,1,6,77,154,62
6/6/2014 15:23,2,3,55,405,1799,0,2677,0,0,9,6/20/2014,6/22/2014,2,0,1,54650,3,1,1,6,77,154,62
4/18/2014 16:36,2,3,66,174,16634,4.1613,3313,0,0,9,4/18/2014,4/21/2014,2,0,1,24692,6,1,1,2,50,1241,18
4/18/2014 16:39,2,3,66,174,16634,3.3379,3313,0,0,9,4/18/2014,4/21/2014,2,0,1,61531,6,1,1,2,50,1241,91
4/18/2014 16:39,2,3,66,174,16634,3.3379,3313,0,0,9,4/18/2014,4/21/2014,2,2,1,61531,6,1,5,2,50,1241,91
4/19/2014 9:15,2,3,66,174,16634,3.3379,3313,0,0,1,4/19/2014,4/21/2014,2,2,1,61531,6,1,1,2,50,1241,91
4/19/2014 9:44,2,3,66,174,16634,3.3379,3313,0,0,1,4/19/2014,4/21/2014,2,2,1,61531,6,1,1,2,50,1241,91
4/29/2014 16:32,2,3,66,174,16634,382.6993,3313,0,1,0,7/23/2014,7/26/2014,2,0,1,8250,1,1,1,2,50,628,45
6/17/2014 5:41,2,3,66,174,46432,82.6384,3313,0,0,0,7/18/2014,7/20/2014,2,0,1,24375,6,1,3,2,50,627,10
6/17/2014 5:47,2,3,66,174,46432,82.6384,3313,0,0,0,7/18/2014,7/21/2014,2,0,1,24375,6,1,1,2,50,627,10
6/17/2014 5:50,2,3,66,174,46432,86.5016,3313,0,0,0,7/18/2014,7/20/2014,2,0,1,8832,1,1,1,2,50,627,84
6/19/2014 23:00,2,3,66,174,46432,82.6384,3313,0,0,0,7/18/2014,7/20/2014,2,0,1,8832,1,1,1,2,50,627,10
6/19/2014 23:02,2,3,66,174,46432,82.6384,3313,0,0,0,7/18/2014,7/20/2014,2,0,1,24375,6,1,2,2,50,627,10
7/31/2014 22:34,2,3,66,174,16634,187.8185,3313,0,0,0,8/2/2014,8/3/2014,2,0,1,11835,1,1,1,2,50,633,54
10/5/2014 4:20,2,3,66,174,46432,110.4256,3313,0,0,1,10/24/2014,10/26/2014,2,0,1,23288,6,1,1,2,50,633,54
10/5/2014 20:45,2,3,66,174,46432,110.257,3313,0,0,0,10/24/2014,10/26/2014,2,0,1,23288,6,1,1,2,50,633,77
10/5/2014 20:46,2,3,66,174,46432,110.4256,3313,0,0,0,10/24/2014,10/26/2014,2,0,1,23288,6,1,1,2,50,633,54
10/5/2014 20:47,2,3,66,174,46432,110.4639,3313,0,0,0,10/24/2014,10/26/2014,2,0,1,23288,6,1,1,2,50,633,54
10/5/2014 20:52,2,3,66,174,46432,110.4639,3313,0,0,0,10/24/2014,10/26/2014,2,0,1,23288,6,1,1,2,50,633,54
10/5/2014 20:53,2,3,66,174,46432,110.4672,3313,0,0,0,10/24/2014,10/26/2014,2,0,1,23288,6,1,1,2,50,633,54
10/6/2014 17:08,2,3,66,174,46432,110.257,3313,0,0,9,10/24/2014,10/26/2014,2,0,1,23288,6,1,1,2,50,633,77
10/6/2014 17:09,2,3,66,174,46432,110.4672,3313,0,0,9,10/24/2014,10/26/2014,2,0,1,23288,6,1,1,2,50,633,54
10/6/2014 17:10,2,3,66,174,46432,110.4256,3313,0,0,9,10/24/2014,10/26/2014,2,0,1,23288,6,1,1,2,50,633,54
10/9/2014 20:21,2,3,66,174,46432,110.4639,3313,0,0,1,10/24/2014,10/26/2014,2,0,1,23288,6,1,1,2,50,633,54
10/12/2014 8:00,2,3,66,174,46432,110.4639,3313,0,0,9,10/24/2014,10/26/2014,2,0,1,23288,6,1,1,2,50,633,54
10/13/2014 15:20,2,3,66,174,46432,112.9832,3313,0,0,1,10/24/2014,10/26/2014,2,0,1,11835,1,1,1,2,50,633,54
10/13/2014 15:22,2,3,66,174,46432,110.257,3313,0,0,1,10/24/2014,10/26/2014,2,0,1,11835,1,1,1,2,50,633,77
10/13/2014 15:24,2,3,66,174,46432,110.4672,3313,0,0,1,10/24/2014,10/26/2014,2,0,1,11835,1,1,1,2,50,633,54
10/13/2014 15:24,2,3,66,174,46432,110.3899,3313,0,0,1,10/24/2014,10/26/2014,2,0,1,11835,1,1,1,2,50,633,76
10/13/2014 15:25,2,3,66,174,46432,110.5101,3313,0,0,1,10/24/2014,10/26/2014,2,0,1,11835,1,1,1,2,50,633,17
10/13/2014 15:25,2,3,66,174,46432,111.5541,3313,0,0,1,10/24/2014,10/26/2014,2,0,1,11835,1,1,1,2,50,633,54
10/18/2014 18:24,2,3,66,174,46432,110.4672,3313,0,0,1,10/25/2014,10/26/2014,2,0,1,11835,1,1,1,2,50,633,54
10/18/2014 18:28,2,3,66,174,46432,112.9832,3313,0,0,1,10/24/2014,10/26/2014,2,0,1,11835,1,1,4,2,50,633,54
10/18/2014 18:30,2,3,66,174,46432,112.9832,3313,0,0,1,10/25/2014,10/26/2014,2,0,1,11835,1,1,2,2,50,633,54
10/18/2014 18:30,2,3,66,174,46432,110.4672,3313,0,0,1,10/24/2014,10/26/2014,2,0,1,11835,1,1,2,2,50,633,54
10/18/2014 18:35,2,3,66,174,46432,112.9832,3313,0,0,1,10/24/2014,10/26/2014,2,0,1,11835,1,1,1,2,50,633,54
11/15/2014 12:51,2,3,66,174,43434,0,3313,0,0,0,11/15/2014,11/16/2014,2,0,1,11835,1,1,1,2,50,633,54
11/15/2014 12:55,2,3,66,174,43434,0,3313,0,0,0,11/15/2014,11/16/2014,2,0,1,24374,6,1,1,2,50,627,49
12/21/2014 16:19,2,3,66,174,43434,0,3313,0,0,0,12/22/2014,12/23/2014,2,0,1,11835,1,1,3,2,50,633,54
12/21/2014 16:21,2,3,66,174,43434,0,3313,0,0,0,12/22/2014,12/23/2014,2,0,1,11835,1,1,2,2,50,633,54
12/21/2014 16:46,2,3,66,174,43434,0,3313,0,0,0,12/22/2014,12/23/2014,2,0,1,11835,1,1,2,2,50,633,17
11/9/2013 7:43,2,3,66,189,2871,2586.0222,3925,1,0,9,12/24/2013,12/26/2013,3,0,1,4777,3,1,1,2,50,967,42
11/9/2013 7:45,2,3,66,189,2871,2586.0222,3925,1,0,9,12/24/2013,12/26/2013,3,0,1,4777,3,1,1,2,50,967,42
11/9/2013 7:47,2,3,66,189,2871,2586.0222,3925,1,0,9,12/28/2013,12/30/2013,3,0,1,4777,3,1,1,2,50,967,42
11/9/2013 7:48,2,3,66,189,2871,2586.0222,3925,1,0,9,12/28/2013,12/30/2013,3,0,1,4777,3,1,1,2,50,967,42
5/7/2014 14:23,2,3,66,189,6881,0,3925,0,0,9,5/7/2014,5/8/2014,1,0,1,12004,1,1,3,2,50,480,32
5/7/2014 14:27,2,3,66,189,6881,0,3925,0,0,9,5/7/2014,5/8/2014,1,0,1,12004,1,1,1,2,50,480,32
5/10/2014 10:12,2,3,66,189,2871,1515.3055,3925,0,0,9,5/10/2014,5/11/2014,1,0,1,26328,1,1,1,2,50,871,7
5/10/2014 10:17,2,3,66,189,2871,1515.3055,3925,0,0,9,5/10/2014,5/11/2014,1,0,1,26328,1,1,1,2,50,871,7
9/20/2014 15:29,2,3,66,189,22336,0,3925,1,0,2,10/11/2014,10/13/2014,4,0,1,26242,6,1,2,2,198,391,68
9/20/2014 15:34,2,3,66,189,22336,0,3925,1,0,2,10/11/2014,10/13/2014,4,0,1,26242,6,1,3,2,198,391,40
9/20/2014 15:38,2,3,66,189,22336,0,3925,1,0,2,10/11/2014,10/13/2014,4,0,1,26242,6,1,3,2,198,391,83
9/20/2014 15:43,2,3,66,189,22336,0,3925,1,0,2,10/11/2014,10/13/2014,4,0,1,26242,6,1,1,2,198,391,83
9/20/2014 15:50,2,3,66,189,22336,0,3925,1,0,2,10/11/2014,10/13/2014,4,0,1,26242,6,1,2,2,198,391,37
9/20/2014 15:53,2,3,66,189,22336,0,3925,1,0,2,10/11/2014,10/13/2014,4,0,1,26242,6,1,1,2,198,391,83
9/20/2014 15:54,2,3,66,189,22336,0,3925,1,0,2,10/11/2014,10/13/2014,4,0,1,26242,6,1,1,2,198,391,83
9/20/2014 16:20,2,3,66,189,22336,0,3925,1,0,2,10/11/2014,10/13/2014,4,0,1,8811,1,1,3,2,198,391,72
9/20/2014 16:28,2,3,66,189,22336,0,3925,1,0,2,10/11/2014,10/13/2014,4,0,1,8811,1,1,3,2,198,391,18
9/20/2014 16:33,2,3,66,189,22336,0,3925,1,0,2,10/11/2014,10/13/2014,4,0,1,8811,1,1,2,2,198,391,50
9/20/2014 16:43,2,3,66,189,22336,0,3925,1,0,2,10/11/2014,10/13/2014,4,0,1,8811,1,1,1,2,198,391,18
11/6/2014 17:42,2,3,66,189,22336,0,3925,1,0,9,11/7/2014,11/8/2014,2,0,1,25559,6,1,1,2,50,615,7
6/18/2013 19:06,25,2,23,79,26143,0,3972,0,0,3,8/12/2013,8/13/2013,2,0,1,14908,1,1,2,3,88,1032,76
6/18/2013 19:08,25,2,23,79,26143,0,3972,0,0,3,8/12/2013,8/13/2013,3,0,1,14908,1,1,2,3,88,1032,5
6/18/2013 19:11,25,2,23,79,26143,0,3972,0,0,3,8/12/2013,8/13/2013,3,0,1,14908,1,1,2,3,88,1032,37
6/18/2013 19:26,25,2,23,79,26143,0,3972,0,0,3,8/10/2013,8/12/2013,2,0,1,14908,1,1,6,3,88,1032,37
6/18/2013 19:40,25,2,23,79,26143,0,3972,0,0,3,8/10/2013,8/12/2013,3,0,1,14908,1,1,3,3,88,1032,37
6/18/2013 19:43,25,2,23,79,26143,0,3972,0,0,3,8/10/2013,8/12/2013,2,0,1,14908,1,1,1,3,88,1032,51
6/24/2013 23:59,25,2,23,79,26143,0,3972,0,0,1,7/23/2013,7/25/2013,2,0,1,14908,1,1,2,3,88,1032,30
6/25/2013 0:00,25,2,23,79,26143,0,3972,0,0,1,8/10/2013,8/11/2013,2,0,1,14908,1,1,7,3,88,1032,30
6/25/2013 0:02,25,2,23,79,26143,0,3972,0,0,1,8/10/2013,8/11/2013,2,1,1,14908,1,1,23,3,88,1032,30
6/25/2013 0:07,25,2,23,79,26143,0,3972,0,0,1,7/3/2013,7/4/2013,2,1,1,14908,1,1,2,3,88,1032,30
6/25/2013 0:07,25,2,23,79,26143,0,3972,0,0,1,8/1/2013,8/2/2013,2,1,1,14908,1,1,4,3,88,1032,30
6/25/2013 0:07,25,2,23,79,26143,0,3972,0,0,1,8/14/2013,8/15/2013,2,1,1,14908,1,1,2,3,88,1032,30
6/25/2013 0:09,25,2,23,79,26143,0,3972,0,0,1,8/11/2013,8/12/2013,2,1,1,14908,1,1,2,3,88,1032,30
6/25/2013 0:10,25,2,23,79,26143,0,3972,0,0,1,8/9/2013,8/10/2013,2,1,1,14908,1,1,2,3,88,1032,30
6/25/2013 0:14,25,2,23,79,26143,0,3972,0,0,1,8/26/2013,8/27/2013,2,1,1,14908,1,1,2,3,88,1032,30
5/2/2014 20:36,25,2,23,48,4924,0,3972,1,0,9,8/10/2014,8/13/2014,2,1,1,8250,1,1,1,2,50,628,45
5/2/2014 20:38,25,2,23,48,4924,0,3972,1,0,9,8/10/2014,8/13/2014,2,1,1,8250,1,1,1,2,50,628,24
5/2/2014 20:39,25,2,23,48,4924,0,3972,1,0,9,8/10/2014,8/13/2014,2,1,1,8250,1,1,1,2,50,628,24
5/4/2014 23:00,25,2,23,48,4924,0,3972,1,0,9,8/10/2014,8/13/2014,2,1,1,8250,1,1,2,2,50,628,45
5/4/2014 23:02,25,2,23,48,4924,0,3972,1,0,9,8/10/2014,8/13/2014,2,1,1,8250,1,1,2,2,50,628,24
5/4/2014 23:03,25,2,23,48,4924,0,3972,1,0,9,8/10/2014,8/13/2014,2,1,1,8250,1,1,1,2,50,628,24
5/4/2014 23:04,25,2,23,48,4924,0,3972,1,0,9,8/10/2014,8/13/2014,2,1,1,8250,1,1,1,2,50,628,88
5/8/2014 17:26,25,2,23,48,4924,0,3972,1,0,9,8/10/2014,8/13/2014,2,1,1,8250,1,1,1,2,50,628,1
5/8/2014 17:26,25,2,23,48,4924,0,3972,1,0,9,8/10/2014,8/13/2014,2,1,1,8250,1,1,4,2,50,628,45
5/8/2014 17:27,25,2,23,48,4924,0,3972,1,0,9,8/10/2014,8/13/2014,3,1,1,8250,1,1,2,2,50,628,45
5/8/2014 17:36,25,2,23,48,4924,0,3972,1,0,9,8/10/2014,8/13/2014,2,1,1,8250,1,1,1,2,50,628,24
5/8/2014 17:36,25,2,23,48,4924,0,3972,1,0,9,8/10/2014,8/13/2014,3,1,1,8250,1,1,1,2,50,628,24
5/8/2014 17:39,25,2,23,48,4924,0,3972,1,0,9,8/10/2014,8/13/2014,2,1,1,8250,1,1,4,2,50,628,24
5/8/2014 17:39,25,2,23,48,4924,0,3972,1,0,9,8/10/2014,8/13/2014,3,1,1,8250,1,0,1,2,50,628,24
5/8/2014 17:44,25,2,23,48,4924,0,3972,1,0,9,8/10/2014,8/13/2014,2,1,1,8250,1,0,1,2,50,628,24
5/8/2014 17:44,25,2,23,48,4924,0,3972,1,0,9,8/10/2014,8/13/2014,3,1,1,8250,1,0,1,2,50,628,24
5/8/2014 17:47,25,2,23,48,4924,0,3972,1,0,9,8/10/2014,8/13/2014,2,1,1,8250,1,0,1,2,50,628,45
5/8/2014 17:48,25,2,23,48,4924,0,3972,1,0,9,8/10/2014,8/13/2014,3,1,1,8250,1,0,1,2,50,628,45
5/8/2014 17:50,25,2,23,48,4924,0,3972,1,0,9,8/10/2014,8/13/2014,2,1,1,8250,1,0,1,2,50,628,88
5/8/2014 17:54,25,2,23,48,4924,0,3972,1,0,9,8/10/2014,8/13/2014,2,1,1,8250,1,0,4,2,50,628,24
5/8/2014 17:54,25,2,23,48,4924,0,3972,1,0,9,8/10/2014,8/13/2014,3,1,1,8250,1,0,1,2,50,628,24
5/9/2014 12:40,25,2,23,48,4924,0,3972,1,0,9,8/10/2014,8/13/2014,2,1,1,8250,1,0,2,2,50,628,24
5/9/2014 13:04,25,2,23,48,4924,0,3972,1,0,9,8/10/2014,8/13/2014,2,1,1,8250,1,0,1,2,50,628,24
5/9/2014 18:17,25,2,23,48,4924,0,3972,1,0,9,8/10/2014,8/13/2014,2,1,1,8250,1,0,2,2,50,628,24
5/9/2014 18:26,25,2,23,48,4924,0,3972,1,0,9,8/10/2014,8/13/2014,2,1,1,8250,1,0,1,2,50,628,88
5/9/2014 21:15,25,2,23,48,4924,0,3972,1,0,9,8/10/2014,8/13/2014,2,1,1,8250,1,0,2,2,50,628,84
5/9/2014 21:45,25,2,23,48,4924,0,3972,1,0,9,8/10/2014,8/13/2014,2,1,1,8250,1,0,1,2,50,628,45
5/9/2014 23:45,25,2,23,48,4924,0,3972,1,0,9,8/10/2014,8/13/2014,2,1,1,8250,1,0,1,2,50,628,79
5/9/2014 23:52,25,2,23,48,4924,0,3972,1,0,9,8/10/2014,8/13/2014,2,1,1,8250,1,0,1,2,50,628,45
7/8/2014 23:32,25,2,23,48,4924,0,3972,1,0,1,8/9/2014,8/10/2014,2,1,1,8254,1,0,1,2,50,365,9
7/8/2014 23:35,25,2,23,48,4924,0,3972,1,0,1,8/9/2014,8/10/2014,2,1,1,8254,1,0,1,2,50,365,68
7/8/2014 23:38,25,2,23,48,4924,0,3972,1,0,1,8/9/2014,8/10/2014,2,1,1,8254,1,0,1,2,50,365,83
7/8/2014 23:39,25,2,23,48,4924,0,3972,1,0,1,8/9/2014,8/10/2014,2,1,1,8254,1,0,1,2,50,365,72
7/8/2014 23:41,25,2,23,48,4924,0,3972,1,0,1,8/9/2014,8/10/2014,2,1,1,8254,1,0,1,2,50,365,72
7/8/2014 23:42,25,2,23,48,4924,0,3972,1,0,1,8/9/2014,8/10/2014,2,1,1,8254,1,0,1,2,50,365,4
7/8/2014 23:59,25,2,23,48,4924,0,3972,1,0,1,8/9/2014,8/10/2014,2,1,1,8254,1,0,1,2,50,365,39
7/9/2014 0:00,25,2,23,48,4924,0,3972,1,0,1,8/9/2014,8/10/2014,2,1,1,8254,1,0,1,2,50,365,9
7/9/2014 0:12,25,2,23,48,4924,0,3972,1,0,1,8/9/2014,8/10/2014,2,1,1,8254,1,0,1,2,50,365,4
7/9/2014 0:13,25,2,23,48,4924,0,3972,1,0,1,8/9/2014,8/10/2014,2,1,1,8254,1,0,1,2,50,365,40
7/9/2014 0:15,25,2,23,48,4924,0,3972,1,0,1,8/9/2014,8/10/2014,2,1,1,8254,1,1,1,2,50,365,98
7/9/2014 0:20,25,2,23,48,4924,0,3972,1,0,1,8/9/2014,8/10/2014,2,1,1,8254,1,1,1,2,50,365,41
7/9/2014 0:23,25,2,23,48,4924,0,3972,1,0,1,8/9/2014,8/10/2014,2,1,1,8254,1,1,1,2,50,365,10
7/9/2014 0:23,25,2,23,48,4924,0,3972,1,0,1,8/9/2014,8/10/2014,2,1,1,8254,1,1,1,2,50,365,47
7/9/2014 0:53,25,2,23,48,4924,0,3972,1,0,1,8/9/2014,8/10/2014,2,1,1,8254,1,1,1,2,50,365,41
7/9/2014 1:11,25,2,23,48,4924,0,3972,1,0,1,8/9/2014,8/10/2014,2,1,1,8254,1,1,1,2,50,365,39
7/9/2014 1:12,25,2,23,48,4924,0,3972,1,0,1,8/9/2014,8/10/2014,2,1,1,8254,1,1,1,2,50,365,19
7/9/2014 1:13,25,2,23,48,4924,0,3972,1,0,1,8/9/2014,8/10/2014,2,1,1,8254,1,1,2,2,50,365,72
7/9/2014 1:29,25,2,23,48,4924,0,3972,1,0,1,8/9/2014,8/10/2014,2,1,1,8254,1,1,1,2,50,365,18
7/9/2014 1:31,25,2,23,48,4924,0,3972,1,0,1,8/9/2014,8/10/2014,2,1,1,8254,1,1,1,2,50,365,70
7/9/2014 1:33,25,2,23,48,4924,0,3972,1,0,1,8/9/2014,8/10/2014,2,1,1,8254,1,1,1,2,50,365,33
7/9/2014 1:34,25,2,23,48,4924,0,3972,1,0,1,8/9/2014,8/10/2014,2,1,1,8254,1,1,1,2,50,365,41
7/9/2014 1:37,25,2,23,48,4924,0,3972,1,0,1,8/9/2014,8/10/2014,2,1,1,8254,1,1,1,2,50,365,70
7/9/2014 1:40,25,2,23,48,4924,0,3972,1,0,1,8/9/2014,8/10/2014,2,1,1,12216,6,1,1,2,50,365,72
7/9/2014 1:43,25,2,23,48,4924,0,3972,1,0,1,8/9/2014,8/10/2014,2,1,1,12216,6,1,1,2,50,365,72
7/9/2014 1:45,25,2,23,48,4924,0,3972,1,0,1,8/9/2014,8/10/2014,2,1,1,12216,6,1,1,2,50,365,91
7/9/2014 1:49,25,2,23,48,4924,0,3972,1,0,1,8/9/2014,8/10/2014,2,1,1,12216,6,1,1,2,50,365,33
7/9/2014 1:49,25,2,23,48,4924,0,3972,1,0,1,8/9/2014,8/10/2014,2,1,1,12216,6,1,1,2,50,365,21
